Color,Size,City,Price,Purchased
Red,Small,Delhi,120,Yes
Blue,Medium,Mumbai,150,No
Green,Large,Bangalore,80,Yes
Blue,Small,Delhi,200,Yes
Red,Medium,Chennai,130,No
Green,Large,Mumbai,95,No
Blue,Small,Bangalore,170,Yes
Red,Large,Chennai,220,Yes
Red,Small,Delhi,125,Yes
Blue,Large,Mumbai,180,Yes
Green,Medium,Bangalore,90,No
Red,Large,Chennai,210,Yes
Blue,Small,Mumbai,140,No
Green,Large,Delhi,100,Yes
Red,Medium,Bangalore,135,Yes
Blue,Medium,Chennai,160,No
Green,Small,Mumbai,85,Yes
Red,Large,Bangalore,230,No
